{
  "project_info": {
    "project_number": "178886289681",
    "firebase_url": "https://aamchimumbai-2247d.firebaseio.com",
    "project_id": "aamchimumbai-2247d",
    "storage_bucket": "aamchimumbai-2247d.appspot.com"
  },
  "client": [
    {
      "client_info": {
        "mobilesdk_app_id": "1:178886289681:android:794806a8073c8fa5",
        "android_client_info": {
          "package_name": "am.aamchiimumbai"
        }
      },
      "oauth_client": [
        {
          "client_id": "178886289681-nve5ds2k3o7ttl6vie80r94h1p841oi0.apps.googleusercontent.com",
          "client_type": 1,
          "android_info": {
            "package_name": "am.aamchiimumbai",
            "certificate_hash": "905f79b92149cd02f343a0e9b73d3e7f79b5d3de"
          }
        },
        {
          "client_id": "178886289681-ctt8uimdggl7uhblgv03cm2r1kln39o2.apps.googleusercontent.com",
          "client_type": 3
        }
      ],
      "api_key": [
        {
          "current_key": "AIzaSyCoXZrEinHIPHKby6UvC1_CGjO7yqW697o"
        }
      ],
      "services": {
        "analytics_service": {
          "status": 1
        },
        "appinvite_service": {
          "status": 2,
          "other_platform_oauth_client": [
            {
              "client_id": "178886289681-ctt8uimdggl7uhblgv03cm2r1kln39o2.apps.googleusercontent.com",
              "client_type": 3
            }
          ]
        },
        "ads_service": {
          "status": 2
        }
      }
    }
  ],
  "configuration_version": "1"
}